{
  "threshold_best": 0.02017065293594925,
  "offset_best": 0.000635096020588763,
  "bounds": [
    -0.019535556915360488,
    0.02080574895653801
  ]
}